<?xml version="1.0" encoding="UTF-8"?>
<!DOCTYPE mapper PUBLIC "-//mybatis.org//DTD Mapper 3.0//EN" "http://mybatis.org/dtd/mybatis-3-mapper.dtd">
<mapper namespace="org.example.spotify_music.mapper.SongMapper">

    <sql id="Base_Column_List_Vo">
        s.id, s.title, s.file_url, s.cover_url, s.genre, s.duration, s.lyrics, s.description, s.play_count,
        s.artist_id, a.name AS artistName,
        s.album_id AS albumId, alb.title AS albumTitle,
        COALESCE(
            alb.cover_url,
            (
                SELECT s2.cover_url
                FROM music_song s2
                WHERE s2.album_id = alb.id
                  AND s2.cover_url IS NOT NULL
                  AND s2.cover_url &lt;&gt; ''
                ORDER BY s2.create_time ASC, s2.id ASC
                LIMIT 1
            )
        ) AS albumCover,
        s.create_time AS releaseTime
    </sql>

    <select id="selectSongVoList" resultType="org.example.spotify_music.vo.SongVo">
        SELECT <include refid="Base_Column_List_Vo"/>
        FROM music_song s
        LEFT JOIN music_artist a ON s.artist_id = a.id
        LEFT JOIN music_album alb ON s.album_id = alb.id
        ORDER BY s.play_count DESC
    </select>

    <select id="selectSongVoByKeyword" resultType="org.example.spotify_music.vo.SongVo">
        SELECT <include refid="Base_Column_List_Vo"/>
        FROM music_song s
        LEFT JOIN music_artist a ON s.artist_id = a.id
        LEFT JOIN music_album alb ON s.album_id = alb.id
        WHERE s.title LIKE CONCAT('%', #{keyword}, '%')
        OR a.name LIKE CONCAT('%', #{keyword}, '%')
    </select>

    <select id="selectSongVoListByIds" resultType="org.example.spotify_music.vo.SongVo">
        SELECT <include refid="Base_Column_List_Vo"/>
        FROM music_song s
        LEFT JOIN music_artist a ON s.artist_id = a.id
        LEFT JOIN music_album alb ON s.album_id = alb.id
        WHERE s.id IN
        <foreach collection="ids" item="id" open="(" separator="," close=")">
            #{id}
        </foreach>
    </select>

    <select id="selectSongVoByArtistId" resultType="org.example.spotify_music.vo.SongVo">
        SELECT <include refid="Base_Column_List_Vo"/>
        FROM music_song s
        LEFT JOIN music_artist a ON s.artist_id = a.id
        LEFT JOIN music_album alb ON s.album_id = alb.id
        WHERE s.artist_id = #{artistId}
    </select>

    <select id="selectSongVoById" resultType="org.example.spotify_music.vo.SongVo">
        SELECT <include refid="Base_Column_List_Vo"/>
        FROM music_song s
        LEFT JOIN music_artist a ON s.artist_id = a.id
        LEFT JOIN music_album alb ON s.album_id = alb.id
        WHERE s.id = #{id}
    </select>

    <select id="selectSongVoByAlbumId" resultType="org.example.spotify_music.vo.SongVo">
        SELECT <include refid="Base_Column_List_Vo"/>
        FROM music_song s
        LEFT JOIN music_artist a ON s.artist_id = a.id
        LEFT JOIN music_album alb ON s.album_id = alb.id
        WHERE s.album_id = #{albumId}
        ORDER BY s.create_time DESC
    </select>

    <select id="selectLatestSongVos" resultType="org.example.spotify_music.vo.SongVo">
        SELECT <include refid="Base_Column_List_Vo"/>
        FROM music_song s
        LEFT JOIN music_artist a ON s.artist_id = a.id
        LEFT JOIN music_album alb ON s.album_id = alb.id
        ORDER BY s.create_time DESC
        LIMIT #{limit}
    </select>

    <select id="selectTopSongVos" resultType="org.example.spotify_music.vo.SongVo">
        SELECT <include refid="Base_Column_List_Vo"/>
        FROM music_song s
        LEFT JOIN music_artist a ON s.artist_id = a.id
        LEFT JOIN music_album alb ON s.album_id = alb.id
        ORDER BY s.play_count DESC
        LIMIT #{limit}
    </select>

    <select id="selectSongVoByGenreId" resultType="org.example.spotify_music.vo.SongVo">
        SELECT <include refid="Base_Column_List_Vo"/>
        FROM music_song s
        LEFT JOIN music_song_genre msg ON s.id = msg.song_id
        LEFT JOIN music_artist a ON s.artist_id = a.id
        LEFT JOIN music_album alb ON s.album_id = alb.id
        WHERE msg.genre_id = #{genreId}
        ORDER BY s.create_time DESC
        <if test="limit != null">
            LIMIT #{limit}
        </if>
    </select>

    <select id="countSongByGenreId" resultType="int">
        SELECT COUNT(*)
        FROM music_song_genre
        WHERE genre_id = #{genreId}
    </select>

    <update id="incrementPlayCount">
        UPDATE music_song SET play_count = play_count + 1 WHERE id = #{id}
    </update>

    <select id="sumPlayCountByArtist" resultType="long">
        SELECT COALESCE(SUM(play_count), 0) FROM music_song WHERE artist_id = #{artistId}
    </select>

    <select id="selectFirstCoverByAlbum" resultType="java.lang.String">
        SELECT cover_url
        FROM music_song
          WHERE album_id = #{albumId}
            AND cover_url IS NOT NULL
            AND cover_url &lt;&gt; ''
        ORDER BY create_time ASC, id ASC
        LIMIT 1
    </select>

    <select id="selectSongMetricsByArtist" resultType="org.example.spotify_music.vo.SongMetricVo">
        SELECT
            s.id,
            s.title,
            s.cover_url,
            s.play_count AS playCount,
            COALESCE(metric.likeCount, 0) AS likeCount,
            metric.avgRating
        FROM music_song s
        LEFT JOIN (
            SELECT song_id,
                   SUM(CASE WHEN type = 3 THEN 1 ELSE 0 END) AS likeCount,
                   AVG(rating) AS avgRating
            FROM user_interaction
            GROUP BY song_id
        ) metric ON metric.song_id = s.id
        WHERE s.artist_id = #{artistId}
        ORDER BY s.play_count DESC
    </select>
</mapper>